<?xml version="1.0" encoding="utf-8"?>																																																																							
<Group>																																																																							
<Group_list>	<Group_inx>	0x12	</Group_inx>	<Group_id>	D	</Group_id>	<Group_des>인버터 운전상태 표시그룹</Group_des>	<Index>	01	</Index>	<Description>	출력전압		</Description>	<Res>	1	</Res>	<Unit>	V	</Unit>	</Group_list>																																																		
<Group_list>	<Group_inx>	0x12	</Group_inx>	<Group_id>	D	</Group_id>	<Group_des>인버터 운전상태 표시그룹</Group_des>	<Index>	02	</Index>	<Description>	출력전류		</Description>	<Res>	0.01	</Res>	<Unit>	A	</Unit>	</Group_list>																																																		
<Group_list>	<Group_inx>	0x12	</Group_inx>	<Group_id>	D	</Group_id>	<Group_des>인버터 운전상태 표시그룹</Group_des>	<Index>	03	</Index>	<Description>	출력주파수		</Description>	<Res>	0.1	</Res>	<Unit>	Hz	</Unit>	</Group_list>																																																		
<Group_list>	<Group_inx>	0x12	</Group_inx>	<Group_id>	D	</Group_id>	<Group_des>인버터 운전상태 표시그룹</Group_des>	<Index>	04	</Index>	<Description>	S/W Version		</Description>	<Res>	1	</Res>	<Unit>	-	</Unit>	</Group_list>																																																		
<Group_list>	<Group_inx>	0x12	</Group_inx>	<Group_id>	D	</Group_id>	<Group_des>인버터 운전상태 표시그룹</Group_des>	<Index>	05	</Index>	<Description>	S/W Version(Date)		</Description>	<Res>	-	</Res>	<Unit>	-	</Unit>	</Group_list>																																																		
<Group_list>	<Group_inx>	0x12	</Group_inx>	<Group_id>	D	</Group_id>	<Group_des>인버터 운전상태 표시그룹</Group_des>	<Index>	06	</Index>	<Description>	Input Port 상태		</Description>	<Res>		</Res>	<Unit>	-	</Unit>	</Group_list>																																																		
<Group_list>	<Group_inx>	0x12	</Group_inx>	<Group_id>	D	</Group_id>	<Group_des>인버터 운전상태 표시그룹</Group_des>	<Index>	07	</Index>	<Description>	Output Port 상태		</Description>	<Res>		</Res>	<Unit>	-	</Unit>	</Group_list>																																																		
<Group_list>	<Group_inx>	0x12	</Group_inx>	<Group_id>	D	</Group_id>	<Group_des>인버터 운전상태 표시그룹</Group_des>	<Index>	08	</Index>	<Description>	도어운전 상태		</Description>	<Res>		</Res>	<Unit>	-	</Unit>	</Group_list>																																																		
<Group_list>	<Group_inx>	0x12	</Group_inx>	<Group_id>	D	</Group_id>	<Group_des>인버터 운전상태 표시그룹</Group_des>	<Index>	09	</Index>	<Description>	도어 위치		</Description>	<Res>	0.1	</Res>	<Unit>	%	</Unit>	</Group_list>																																																		
<Group_list>	<Group_inx>	0x12	</Group_inx>	<Group_id>	D	</Group_id>	<Group_des>인버터 운전상태 표시그룹</Group_des>	<Index>	10	</Index>	<Description>	메인 Loop Time		</Description>	<Res>	0	</Res>	<Unit>	-	</Unit>	</Group_list>																																																		
<Group_list>	<Group_inx>	0x12	</Group_inx>	<Group_id>	D	</Group_id>	<Group_des>인버터 운전상태 표시그룹</Group_des>	<Index>	11	</Index>	<Description>	1msec Loop Time		</Description>	<Res>	0	</Res>	<Unit>	-	</Unit>	</Group_list>																																																		
<Group_list>	<Group_inx>	0x12	</Group_inx>	<Group_id>	D	</Group_id>	<Group_des>인버터 운전상태 표시그룹</Group_des>	<Index>	12	</Index>	<Description>	Open Time		</Description>	<Res>	0.1	</Res>	<Unit>	sec	</Unit>	</Group_list>																																																		
<Group_list>	<Group_inx>	0x12	</Group_inx>	<Group_id>	D	</Group_id>	<Group_des>인버터 운전상태 표시그룹</Group_des>	<Index>	13	</Index>	<Description>	Close Time		</Description>	<Res>	0.1	</Res>	<Unit>	sec	</Unit>	</Group_list>																																																		
<Group_list>	<Group_inx>	0x12	</Group_inx>	<Group_id>	D	</Group_id>	<Group_des>인버터 운전상태 표시그룹</Group_des>	<Index>	14	</Index>	<Description>	주파수 지령		</Description>	<Res>	0.1	</Res>	<Unit>	Hz	</Unit>	</Group_list>																																																		
<Group_list>	<Group_inx>	0x12	</Group_inx>	<Group_id>	D	</Group_id>	<Group_des>인버터 운전상태 표시그룹</Group_des>	<Index>	15	</Index>	<Description>	DC Link전압		</Description>	<Res>	1	</Res>	<Unit>	V	</Unit>	</Group_list>
<Group_list>	<Group_inx>	0x12	</Group_inx>	<Group_id>	D	</Group_id>	<Group_des>인버터 운전상태 표시그룹</Group_des>	<Index>	16	</Index>	<Description>	엔코더 값(만)		</Description>	<Res>	-	</Res>	<Unit>	-	</Unit>	</Group_list>
<Group_list>	<Group_inx>	0x12	</Group_inx>	<Group_id>	D	</Group_id>	<Group_des>인버터 운전상태 표시그룹</Group_des>	<Index>	17	</Index>	<Description>	엔코더 값		</Description>	<Res>	-	</Res>	<Unit>	-	</Unit>	</Group_list>
<Group_list>	<Group_inx>	0x12	</Group_inx>	<Group_id>	D	</Group_id>	<Group_des>인버터 운전상태 표시그룹</Group_des>	<Index>	18	</Index>	<Description>	포토센서 입력값		</Description>	<Res>	0	</Res>	<Unit>	-	</Unit>	</Group_list>
<Group_list>	<Group_inx>	0x12	</Group_inx>	<Group_id>	D	</Group_id>	<Group_des>인버터 운전상태 표시그룹</Group_des>	<Index>	19	</Index>	<Description>	도어 운행 횟수(만)		</Description>	<Res>	0	</Res>	<Unit>	-	</Unit>	</Group_list>
<Group_list>	<Group_inx>	0x12	</Group_inx>	<Group_id>	D	</Group_id>	<Group_des>인버터 운전상태 표시그룹</Group_des>	<Index>	20	</Index>	<Description>	도어 운행 횟수		</Description>	<Res>	0	</Res>	<Unit>	-	</Unit>	</Group_list>
<Group_list>	<Group_inx>	0x12	</Group_inx>	<Group_id>	D	</Group_id>	<Group_des>인버터 운전상태 표시그룹</Group_des>	<Index>	21	</Index>	<Description>	도어 리오픈 횟수(만)		</Description>	<Res>	0	</Res>	<Unit>	-	</Unit>	</Group_list>
<Group_list>	<Group_inx>	0x12	</Group_inx>	<Group_id>	D	</Group_id>	<Group_des>인버터 운전상태 표시그룹</Group_des>	<Index>	22	</Index>	<Description>	도어 리오픈 횟수 		</Description>	<Res>	9	</Res>	<Unit>	-	</Unit>	</Group_list>
<Group_list>	<Group_inx>	0x12	</Group_inx>	<Group_id>	D	</Group_id>	<Group_des>인버터 운전상태 표시그룹</Group_des>	<Index>	23	</Index>	<Description>	도어 운전 모드		</Description>	<Res>	0	</Res>	<Unit>	-	</Unit>	</Group_list>
<Group_list>	<Group_inx>	0x12	</Group_inx>	<Group_id>	D	</Group_id>	<Group_des>인버터 운전상태 표시그룹</Group_des>	<Index>	24	</Index>	<Description>	Open Lock검출 횟수		</Description>	<Res>	0	</Res>	<Unit>	-	</Unit>	</Group_list>
<Group_list>	<Group_inx>	0x12	</Group_inx>	<Group_id>	D	</Group_id>	<Group_des>인버터 운전상태 표시그룹</Group_des>	<Index>	25	</Index>	<Description>	Close Lock검출 횟수		</Description>	<Res>	0	</Res>	<Unit>	-	</Unit>	</Group_list>
<Group_list>	<Group_inx>	0x12	</Group_inx>	<Group_id>	D	</Group_id>	<Group_des>인버터 운전상태 표시그룹</Group_des>	<Index>	26	</Index>	<Description>	Rom Check 결과		</Description>	<Res>	0	</Res>	<Unit>	-	</Unit>	</Group_list>
<Group_list>	<Group_inx>	0x12	</Group_inx>	<Group_id>	D	</Group_id>	<Group_des>인버터 운전상태 표시그룹</Group_des>	<Index>	27	</Index>	<Description>	Ram Check 결과		</Description>	<Res>	0	</Res>	<Unit>	-	</Unit>	</Group_list>
																					
																					
																					
																					
<Group_list>	<Group_inx>	0x13	</Group_inx>	<Group_id>	S	</Group_id>	<Group_des>도어 설정 그룹</Group_des>	<Index>	01	</Index>	<Description>	Init Mode		</Description>	<Res>	0	</Res>	<Unit>		</Unit>	</Group_list>
<Group_list>	<Group_inx>	0x13	</Group_inx>	<Group_id>	S	</Group_id>	<Group_des>도어 설정 그룹</Group_des>	<Index>	01	</Index>	<Description>	시스템 Type		</Description>	<Res>	0	</Res>	<Unit>	-	</Unit>	</Group_list>
<Group_list>	<Group_inx>	0x13	</Group_inx>	<Group_id>	S	</Group_id>	<Group_des>도어 설정 그룹</Group_des>	<Index>	02	</Index>	<Description>	도어 Type		</Description>	<Res>	0	</Res>	<Unit>		</Unit>	</Group_list>
<Group_list>	<Group_inx>	0x13	</Group_inx>	<Group_id>	S	</Group_id>	<Group_des>도어 설정 그룹</Group_des>	<Index>	03	</Index>	<Description>	Close 시작구간		</Description>	<Res>	0	</Res>	<Unit>		</Unit>	</Group_list>
<Group_list>	<Group_inx>	0x13	</Group_inx>	<Group_id>	S	</Group_id>	<Group_des>도어 설정 그룹</Group_des>	<Index>	04	</Index>	<Description>	Close 시작주파수		</Description>	<Res>	0.1	</Res>	<Unit>	Hz	</Unit>	</Group_list>
<Group_list>	<Group_inx>	0x13	</Group_inx>	<Group_id>	S	</Group_id>	<Group_des>도어 설정 그룹</Group_des>	<Index>	05	</Index>	<Description>	Close 주행주파수		</Description>	<Res>	0.1	</Res>	<Unit>	Hz	</Unit>	</Group_list>
<Group_list>	<Group_inx>	0x13	</Group_inx>	<Group_id>	S	</Group_id>	<Group_des>도어 설정 그룹</Group_des>	<Index>	06	</Index>	<Description>	Close Creep 개시위치		</Description>	<Res>	0	</Res>	<Unit>	-	</Unit>	</Group_list>
<Group_list>	<Group_inx>	0x13	</Group_inx>	<Group_id>	S	</Group_id>	<Group_des>도어 설정 그룹</Group_des>	<Index>	07	</Index>	<Description>	Close Creep주파수		</Description>	<Res>	0.1	</Res>	<Unit>	Hz	</Unit>	</Group_list>
<Group_list>	<Group_inx>	0x13	</Group_inx>	<Group_id>	S	</Group_id>	<Group_des>도어 설정 그룹</Group_des>	<Index>	08	</Index>	<Description>	Clost 유지주파수		</Description>	<Res>	0.1	</Res>	<Unit>	Hz	</Unit>	</Group_list>
<Group_list>	<Group_inx>	0x13	</Group_inx>	<Group_id>	S	</Group_id>	<Group_des>도어 설정 그룹</Group_des>	<Index>	09	</Index>	<Description>	Open 시작구간		</Description>	<Res>	0	</Res>	<Unit>	-	</Unit>	</Group_list>
<Group_list>	<Group_inx>	0x13	</Group_inx>	<Group_id>	S	</Group_id>	<Group_des>도어 설정 그룹</Group_des>	<Index>	10	</Index>	<Description>	Open 시작주파수		</Description>	<Res>	0.1	</Res>	<Unit>	Hz	</Unit>	</Group_list>
<Group_list>	<Group_inx>	0x13	</Group_inx>	<Group_id>	S	</Group_id>	<Group_des>도어 설정 그룹</Group_des>	<Index>	11	</Index>	<Description>	Open 주행주파수		</Description>	<Res>	0.1	</Res>	<Unit>	Hz	</Unit>	</Group_list>
<Group_list>	<Group_inx>	0x13	</Group_inx>	<Group_id>	S	</Group_id>	<Group_des>도어 설정 그룹</Group_des>	<Index>	12	</Index>	<Description>	Open Creep 개시위치		</Description>	<Res>	0	</Res>	<Unit>	-	</Unit>	</Group_list>
<Group_list>	<Group_inx>	0x13	</Group_inx>	<Group_id>	S	</Group_id>	<Group_des>도어 설정 그룹</Group_des>	<Index>	13	</Index>	<Description>	Open Creep주파수		</Description>	<Res>	0.1	</Res>	<Unit>	Hz	</Unit>	</Group_list>
<Group_list>	<Group_inx>	0x13	</Group_inx>	<Group_id>	S	</Group_id>	<Group_des>도어 설정 그룹</Group_des>	<Index>	14	</Index>	<Description>	Open 유지주파수		</Description>	<Res>	0.1	</Res>	<Unit>	Hz	</Unit>	</Group_list>
<Group_list>	<Group_inx>	0x13	</Group_inx>	<Group_id>	S	</Group_id>	<Group_des>도어 설정 그룹</Group_des>	<Index>	15	</Index>	<Description>	Close 가속시간		</Description>	<Res>	0.1	</Res>	<Unit>	sec	</Unit>	</Group_list>
<Group_list>	<Group_inx>	0x13	</Group_inx>	<Group_id>	S	</Group_id>	<Group_des>도어 설정 그룹</Group_des>	<Index>	16	</Index>	<Description>	Close 감속시간		</Description>	<Res>	0.1	</Res>	<Unit>	sec	</Unit>	</Group_list>
<Group_list>	<Group_inx>	0x13	</Group_inx>	<Group_id>	S	</Group_id>	<Group_des>도어 설정 그룹</Group_des>	<Index>	17	</Index>	<Description>	Open 가속시간		</Description>	<Res>	0.1	</Res>	<Unit>	sec	</Unit>	</Group_list>
<Group_list>	<Group_inx>	0x13	</Group_inx>	<Group_id>	S	</Group_id>	<Group_des>도어 설정 그룹</Group_des>	<Index>	18	</Index>	<Description>	Open 감속시간		</Description>	<Res>	0.1	</Res>	<Unit>	sec	</Unit>	</Group_list>
<Group_list>	<Group_inx>	0x13	</Group_inx>	<Group_id>	S	</Group_id>	<Group_des>도어 설정 그룹</Group_des>	<Index>	19	</Index>	<Description>	S-CL1		</Description>	<Res>	0.1 	</Res>	<Unit>	%	</Unit>	</Group_list>
<Group_list>	<Group_inx>	0x13	</Group_inx>	<Group_id>	S	</Group_id>	<Group_des>도어 설정 그룹</Group_des>	<Index>	20	</Index>	<Description>	S-CL2		</Description>	<Res>	0.1 	</Res>	<Unit>	%	</Unit>	</Group_list>
<Group_list>	<Group_inx>	0x13	</Group_inx>	<Group_id>	S	</Group_id>	<Group_des>도어 설정 그룹</Group_des>	<Index>	21	</Index>	<Description>	S-CL3		</Description>	<Res>	0.1 	</Res>	<Unit>	%	</Unit>	</Group_list>
<Group_list>	<Group_inx>	0x13	</Group_inx>	<Group_id>	S	</Group_id>	<Group_des>도어 설정 그룹</Group_des>	<Index>	22	</Index>	<Description>	S-CL4		</Description>	<Res>	0.1 	</Res>	<Unit>	%	</Unit>	</Group_list>
<Group_list>	<Group_inx>	0x13	</Group_inx>	<Group_id>	S	</Group_id>	<Group_des>도어 설정 그룹</Group_des>	<Index>	23	</Index>	<Description>	S-OP1		</Description>	<Res>	0.1 	</Res>	<Unit>	%	</Unit>	</Group_list>
<Group_list>	<Group_inx>	0x13	</Group_inx>	<Group_id>	S	</Group_id>	<Group_des>도어 설정 그룹</Group_des>	<Index>	24	</Index>	<Description>	S-OP2		</Description>	<Res>	0.1 	</Res>	<Unit>	%	</Unit>	</Group_list>
<Group_list>	<Group_inx>	0x13	</Group_inx>	<Group_id>	S	</Group_id>	<Group_des>도어 설정 그룹</Group_des>	<Index>	25	</Index>	<Description>	S-OP3		</Description>	<Res>	0.1 	</Res>	<Unit>	%	</Unit>	</Group_list>
<Group_list>	<Group_inx>	0x13	</Group_inx>	<Group_id>	S	</Group_id>	<Group_des>도어 설정 그룹</Group_des>	<Index>	26	</Index>	<Description>	S-OP4		</Description>	<Res>	0.1 	</Res>	<Unit>	%	</Unit>	</Group_list>
<Group_list>	<Group_inx>	0x13	</Group_inx>	<Group_id>	S	</Group_id>	<Group_des>도어 설정 그룹</Group_des>	<Index>	27	</Index>	<Description>	Reopen 가속시간		</Description>	<Res>	0.1	</Res>	<Unit>	sec	</Unit>	</Group_list>
<Group_list>	<Group_inx>	0x13	</Group_inx>	<Group_id>	S	</Group_id>	<Group_des>도어 설정 그룹</Group_des>	<Index>	28	</Index>	<Description>	Reopen 감속시간		</Description>	<Res>	0.1	</Res>	<Unit>	sec	</Unit>	</Group_list>
<Group_list>	<Group_inx>	0x13	</Group_inx>	<Group_id>	S	</Group_id>	<Group_des>도어 설정 그룹</Group_des>	<Index>	29	</Index>	<Description>	OLS 전압 1		</Description>	<Res>	0.1	</Res>	<Unit>	%	</Unit>	</Group_list>
<Group_list>	<Group_inx>	0x13	</Group_inx>	<Group_id>	S	</Group_id>	<Group_des>도어 설정 그룹</Group_des>	<Index>	30	</Index>	<Description>	OLS 전압 2		</Description>	<Res>	0.1	</Res>	<Unit>	%	</Unit>	</Group_list>
<Group_list>	<Group_inx>	0x13	</Group_inx>	<Group_id>	S	</Group_id>	<Group_des>도어 설정 그룹</Group_des>	<Index>	31	</Index>	<Description>	CLS 전압 1		</Description>	<Res>	0.1	</Res>	<Unit>	%	</Unit>	</Group_list>
<Group_list>	<Group_inx>	0x13	</Group_inx>	<Group_id>	S	</Group_id>	<Group_des>도어 설정 그룹</Group_des>	<Index>	32	</Index>	<Description>	CLS 전압 2		</Description>	<Res>	0.1	</Res>	<Unit>	%	</Unit>	</Group_list>
<Group_list>	<Group_inx>	0x13	</Group_inx>	<Group_id>	S	</Group_id>	<Group_des>도어 설정 그룹</Group_des>	<Index>	33	</Index>	<Description>	SES 위치		</Description>	<Res>	0	</Res>	<Unit>	-	</Unit>	</Group_list>
																					
<Group_list>	<Group_inx>	0x14	</Group_inx>	<Group_id>	F	</Group_id>	<Group_des>인버터 설정 그룹</Group_des>	<Index>	01	</Index>	<Description>	도어폭 서치 주파수		</Description>	<Res>	0.1	</Res>	<Unit>	Hz	</Unit>	</Group_list>
<Group_list>	<Group_inx>	0x14	</Group_inx>	<Group_id>	F	</Group_id>	<Group_des>인버터 설정 그룹</Group_des>	<Index>	02	</Index>	<Description>	CL 구간 1 전압보정		</Description>	<Res>	0.1	</Res>	<Unit>	%	</Unit>	</Group_list>
<Group_list>	<Group_inx>	0x14	</Group_inx>	<Group_id>	F	</Group_id>	<Group_des>인버터 설정 그룹</Group_des>	<Index>	03	</Index>	<Description>	CL 구간 2 전압보정		</Description>	<Res>	0.1	</Res>	<Unit>	%	</Unit>	</Group_list>
<Group_list>	<Group_inx>	0x14	</Group_inx>	<Group_id>	F	</Group_id>	<Group_des>인버터 설정 그룹</Group_des>	<Index>	04	</Index>	<Description>	CL 구간 3 전압보정		</Description>	<Res>	0.1	</Res>	<Unit>	%	</Unit>	</Group_list>
<Group_list>	<Group_inx>	0x14	</Group_inx>	<Group_id>	F	</Group_id>	<Group_des>인버터 설정 그룹</Group_des>	<Index>	05	</Index>	<Description>	CL 구간 4 전압보정		</Description>	<Res>	0.1 </Res>	<Unit>	%	</Unit>	</Group_list>
<Group_list>	<Group_inx>	0x14	</Group_inx>	<Group_id>	F	</Group_id>	<Group_des>인버터 설정 그룹</Group_des>	<Index>	06	</Index>	<Description>	CL 구간 5 전압보정		</Description>	<Res>	0.1	</Res>	<Unit>	%	</Unit>	</Group_list>
<Group_list>	<Group_inx>	0x14	</Group_inx>	<Group_id>	F	</Group_id>	<Group_des>인버터 설정 그룹</Group_des>	<Index>	07	</Index>	<Description>	CL 구간 6 전압보정		</Description>	<Res>	0.1	</Res>	<Unit>	%	</Unit>	</Group_list>
<Group_list>	<Group_inx>	0x14	</Group_inx>	<Group_id>	F	</Group_id>	<Group_des>인버터 설정 그룹</Group_des>	<Index>	08	</Index>	<Description>	CL 구간 7 전압보정		</Description>	<Res>	0.1	</Res>	<Unit>	%	</Unit>	</Group_list>
<Group_list>	<Group_inx>	0x14	</Group_inx>	<Group_id>	F	</Group_id>	<Group_des>인버터 설정 그룹</Group_des>	<Index>	09	</Index>	<Description>	OP 구간 1 전압보정		</Description>	<Res>	0.1	</Res>	<Unit>	%	</Unit>	</Group_list>
<Group_list>	<Group_inx>	0x14	</Group_inx>	<Group_id>	F	</Group_id>	<Group_des>인버터 설정 그룹</Group_des>	<Index>	10	</Index>	<Description>	OP 구간 2 전압보정		</Description>	<Res>	0.1	</Res>	<Unit>	%	</Unit>	</Group_list>
<Group_list>	<Group_inx>	0x14	</Group_inx>	<Group_id>	F	</Group_id>	<Group_des>인버터 설정 그룹</Group_des>	<Index>	11	</Index>	<Description>	OP 구간 3 전압보정		</Description>	<Res>	0.1	</Res>	<Unit>	%	</Unit>	</Group_list>
<Group_list>	<Group_inx>	0x14	</Group_inx>	<Group_id>	F	</Group_id>	<Group_des>인버터 설정 그룹</Group_des>	<Index>	12	</Index>	<Description>	OP 구간 4 전압보정		</Description>	<Res>	0.1	</Res>	<Unit>	%	</Unit>	</Group_list>
<Group_list>	<Group_inx>	0x14	</Group_inx>	<Group_id>	F	</Group_id>	<Group_des>인버터 설정 그룹</Group_des>	<Index>	13	</Index>	<Description>	OP 구간 5 전압보정		</Description>	<Res>	0.1	</Res>	<Unit>	%	</Unit>	</Group_list>
<Group_list>	<Group_inx>	0x14	</Group_inx>	<Group_id>	F	</Group_id>	<Group_des>인버터 설정 그룹</Group_des>	<Index>	14	</Index>	<Description>	OP 구간 6 전압보정		</Description>	<Res>	0.1	</Res>	<Unit>	%	</Unit>	</Group_list>
<Group_list>	<Group_inx>	0x14	</Group_inx>	<Group_id>	F	</Group_id>	<Group_des>인버터 설정 그룹</Group_des>	<Index>	15	</Index>	<Description>	ROP 가속 전압보정		</Description>	<Res>	0.1	</Res>	<Unit>	%	</Unit>	</Group_list>
<Group_list>	<Group_inx>	0x14	</Group_inx>	<Group_id>	F	</Group_id>	<Group_des>인버터 설정 그룹</Group_des>	<Index>	16	</Index>	<Description>	ROP 감속 전압보정		</Description>	<Res>	0.1	</Res>	<Unit>	%	</Unit>	</Group_list>
<Group_list>	<Group_inx>	0x14	</Group_inx>	<Group_id>	F	</Group_id>	<Group_des>인버터 설정 그룹</Group_des>	<Index>	17	</Index>	<Description>	DC Break 값		</Description>	<Res>	0.1	</Res>	<Unit>	%	</Unit>	</Group_list>
<Group_list>	<Group_inx>	0x14	</Group_inx>	<Group_id>	F	</Group_id>	<Group_des>인버터 설정 그룹</Group_des>	<Index>	18	</Index>	<Description>	Cmd In Filter		</Description>	<Res>	0	</Res>	<Unit>	-	</Unit>	</Group_list>
<Group_list>	<Group_inx>	0x14	</Group_inx>	<Group_id>	F	</Group_id>	<Group_des>인버터 설정 그룹</Group_des>	<Index>	19	</Index>	<Description>	Pos In Filter		</Description>	<Res>	0	</Res>	<Unit>	-	</Unit>	</Group_list>
<Group_list>	<Group_inx>	0x14	</Group_inx>	<Group_id>	F	</Group_id>	<Group_des>인버터 설정 그룹</Group_des>	<Index>	20	</Index>	<Description>	Door Enc		</Description>	<Res>	0	</Res>	<Unit>	-	</Unit>	</Group_list>
<Group_list>	<Group_inx>	0x14	</Group_inx>	<Group_id>	F	</Group_id>	<Group_des>인버터 설정 그룹</Group_des>	<Index>	21	</Index>	<Description>	Soft Lock		</Description>	<Res>	0.0 	</Res>	<Unit>	-	</Unit>	</Group_list>
<Group_list>	<Group_inx>	0x14	</Group_inx>	<Group_id>	F	</Group_id>	<Group_des>인버터 설정 그룹</Group_des>	<Index>	22	</Index>	<Description>	Run Src		</Description>	<Res>	0 	</Res>	<Unit>	-	</Unit>	</Group_list>
<Group_list>	<Group_inx>	0x14	</Group_inx>	<Group_id>	F	</Group_id>	<Group_des>인버터 설정 그룹</Group_des>	<Index>	23	</Index>	<Description>	Stop Mode		</Description>	<Res>	0 	</Res>	<Unit>	-	</Unit>	</Group_list>
<Group_list>	<Group_inx>	0x14	</Group_inx>	<Group_id>	F	</Group_id>	<Group_des>인버터 설정 그룹</Group_des>	<Index>	24	</Index>	<Description>	Start Freq		</Description>	<Res>	0.1 	</Res>	<Unit>	Hz	</Unit>	</Group_list>
<Group_list>	<Group_inx>	0x14	</Group_inx>	<Group_id>	F	</Group_id>	<Group_des>인버터 설정 그룹</Group_des>	<Index>	25	</Index>	<Description>	Max Freq		</Description>	<Res>	0.1 	</Res>	<Unit>	Hz	</Unit>	</Group_list>
<Group_list>	<Group_inx>	0x14	</Group_inx>	<Group_id>	F	</Group_id>	<Group_des>인버터 설정 그룹</Group_des>	<Index>	26	</Index>	<Description>	Base Freq		</Description>	<Res>	0.1 	</Res>	<Unit>	Hz	</Unit>	</Group_list>
<Group_list>	<Group_inx>	0x14	</Group_inx>	<Group_id>	F	</Group_id>	<Group_des>인버터 설정 그룹</Group_des>	<Index>	27	</Index>	<Description>	Base V		</Description>	<Res>	60 	</Res>	<Unit>	V	</Unit>	</Group_list>
<Group_list>	<Group_inx>	0x14	</Group_inx>	<Group_id>	F	</Group_id>	<Group_des>인버터 설정 그룹</Group_des>	<Index>	28	</Index>	<Description>	Nudge 출력전압 보정값		</Description>	<Res>	0.1 	</Res>	<Unit>	%	</Unit>	</Group_list>
<Group_list>	<Group_inx>	0x14	</Group_inx>	<Group_id>	F	</Group_id>	<Group_des>인버터 설정 그룹</Group_des>	<Index>	29	</Index>	<Description>	Boost Qty		</Description>	<Res>	0.1 	</Res>	<Unit>	%	</Unit>	</Group_list>
<Group_list>	<Group_inx>	0x14	</Group_inx>	<Group_id>	F	</Group_id>	<Group_des>인버터 설정 그룹</Group_des>	<Index>	30	</Index>	<Description>	Boost Hz		</Description>	<Res>	0.1 	</Res>	<Unit>	%	</Unit>	</Group_list>
<Group_list>	<Group_inx>	0x14	</Group_inx>	<Group_id>	F	</Group_id>	<Group_des>인버터 설정 그룹</Group_des>	<Index>	31	</Index>	<Description>	스위칭 주파수		</Description>	<Res>	0.1 	</Res>	<Unit>	kHz	</Unit>	</Group_list>
<Group_list>	<Group_inx>	0x14	</Group_inx>	<Group_id>	F	</Group_id>	<Group_des>인버터 설정 그룹</Group_des>	<Index>	32	</Index>	<Description>	OP측정 모드		</Description>	<Res>	0	</Res>	<Unit>	-	</Unit>	</Group_list>
<Group_list>	<Group_inx>	0x14	</Group_inx>	<Group_id>	F	</Group_id>	<Group_des>인버터 설정 그룹</Group_des>	<Index>	33	</Index>	<Description>	도어운전 모드		</Description>	<Res>	0	</Res>	<Unit>	-	</Unit>	</Group_list>
<Group_list>	<Group_inx>	0x14	</Group_inx>	<Group_id>	F	</Group_id>	<Group_des>인버터 설정 그룹</Group_des>	<Index>	34	</Index>	<Description>	도어 Open 시간		</Description>	<Res>	0.1	</Res>	<Unit>	sec	</Unit>	</Group_list>
<Group_list>	<Group_inx>	0x14	</Group_inx>	<Group_id>	F	</Group_id>	<Group_des>인버터 설정 그룹</Group_des>	<Index>	35	</Index>	<Description>	도어 Close 시간		</Description>	<Res>	0.1	</Res>	<Unit>	sec	</Unit>	</Group_list>
<Group_list>	<Group_inx>	0x14	</Group_inx>	<Group_id>	F	</Group_id>	<Group_des>인버터 설정 그룹</Group_des>	<Index>	36	</Index>	<Description>	리오픈 빈도수		</Description>	<Res>	0	</Res>	<Unit>	-	</Unit>	</Group_list>
<Group_list>	<Group_inx>	0x14	</Group_inx>	<Group_id>	F	</Group_id>	<Group_des>인버터 설정 그룹</Group_des>	<Index>	37	</Index>	<Description>	자동운전 모드 Run		</Description>	<Res>	0	</Res>	<Unit>	-	</Unit>	</Group_list>
<Group_list>	<Group_inx>	0x14	</Group_inx>	<Group_id>	F	</Group_id>	<Group_des>인버터 설정 그룹</Group_des>	<Index>	38	</Index>	<Description>	Open Lock Check 시간		</Description>	<Res>	0.1 	</Res>	<Unit>	sec	</Unit>	</Group_list>
<Group_list>	<Group_inx>	0x14	</Group_inx>	<Group_id>	F	</Group_id>	<Group_des>인버터 설정 그룹</Group_des>	<Index>	39	</Index>	<Description>	Close Lock Check 시간		</Description>	<Res>	0.1 	</Res>	<Unit>	sec	</Unit>	</Group_list>
																					
																					
<Group_list>	<Group_inx>	0x15	</Group_inx>	<Group_id>	T	</Group_id>	<Group_des>에러상태 표시 그룹</Group_des>	<Index>	01	</Index>	<Description>	에러종류		</Description>	<Res>	-	</Res>	<Unit>	-	</Unit>	</Group_list>
<Group_list>	<Group_inx>	0x15	</Group_inx>	<Group_id>	T	</Group_id>	<Group_des>에러상태 표시 그룹</Group_des>	<Index>	02	</Index>	<Description>	에러시 출력주파수		</Description>	<Res>	0.1	</Res>	<Unit>	Hz	</Unit>	</Group_list>
<Group_list>	<Group_inx>	0x15	</Group_inx>	<Group_id>	T	</Group_id>	<Group_des>에러상태 표시 그룹</Group_des>	<Index>	03	</Index>	<Description>	에러시 출력 전류		</Description>	<Res>	0.01	</Res>	<Unit>	A	</Unit>	</Group_list>
<Group_list>	<Group_inx>	0x15	</Group_inx>	<Group_id>	T	</Group_id>	<Group_des>에러상태 표시 그룹</Group_des>	<Index>	04	</Index>	<Description>	에러시 DC Link단 전압		</Description>	<Res>	-	</Res>	<Unit>	V	</Unit>	</Group_list>
<Group_list>	<Group_inx>	0x15	</Group_inx>	<Group_id>	T	</Group_id>	<Group_des>에러상태 표시 그룹</Group_des>	<Index>	05	</Index>	<Description>	이전 1 에러종류		</Description>	<Res>	-	</Res>	<Unit>	-	</Unit>	</Group_list>
<Group_list>	<Group_inx>	0x15	</Group_inx>	<Group_id>	T	</Group_id>	<Group_des>에러상태 표시 그룹</Group_des>	<Index>	06	</Index>	<Description>	이전 1 에러시 출력주파수		</Description>	<Res>	0.1	</Res>	<Unit>	Hz	</Unit>	</Group_list>
<Group_list>	<Group_inx>	0x15	</Group_inx>	<Group_id>	T	</Group_id>	<Group_des>에러상태 표시 그룹</Group_des>	<Index>	07	</Index>	<Description>	이전 1 에러시 출력 전류		</Description>	<Res>	-	</Res>	<Unit>	A	</Unit>	</Group_list>
<Group_list>	<Group_inx>	0x15	</Group_inx>	<Group_id>	T	</Group_id>	<Group_des>에러상태 표시 그룹</Group_des>	<Index>	08	</Index>	<Description>	이전 1 에러시 DC Link단 전압		</Description>	<Res>	-	</Res>	<Unit>	V	</Unit>	</Group_list>
<Group_list>	<Group_inx>	0x15	</Group_inx>	<Group_id>	T	</Group_id>	<Group_des>에러상태 표시 그룹</Group_des>	<Index>	09	</Index>	<Description>	이전 2 에러종류		</Description>	<Res>	-	</Res>	<Unit>	-	</Unit>	</Group_list>
<Group_list>	<Group_inx>	0x15	</Group_inx>	<Group_id>	T	</Group_id>	<Group_des>에러상태 표시 그룹</Group_des>	<Index>	10	</Index>	<Description>	이전 2 에러시 출력주파수		</Description>	<Res>	0.1	</Res>	<Unit>	Hz	</Unit>	</Group_list>
<Group_list>	<Group_inx>	0x15	</Group_inx>	<Group_id>	T	</Group_id>	<Group_des>에러상태 표시 그룹</Group_des>	<Index>	11	</Index>	<Description>	이전 2 에러시 출력 전류		</Description>	<Res>	0.01	</Res>	<Unit>	A	</Unit>	</Group_list>
<Group_list>	<Group_inx>	0x15	</Group_inx>	<Group_id>	T	</Group_id>	<Group_des>에러상태 표시 그룹</Group_des>	<Index>	12	</Index>	<Description>	이전 2 에러시 DC Link단 전압		</Description>	<Res>	-	</Res>	<Unit>	V	</Unit>	</Group_list>
<Group_list>	<Group_inx>	0x15	</Group_inx>	<Group_id>	T	</Group_id>	<Group_des>에러상태 표시 그룹</Group_des>	<Index>	13	</Index>	<Description>	이전 3 에러종류		</Description>	<Res>	-	</Res>	<Unit>	-	</Unit>	</Group_list>
<Group_list>	<Group_inx>	0x15	</Group_inx>	<Group_id>	T	</Group_id>	<Group_des>에러상태 표시 그룹</Group_des>	<Index>	14	</Index>	<Description>	이전 3 에러시 출력주파수		</Description>	<Res>	0.1	</Res>	<Unit>	Hz	</Unit>	</Group_list>
<Group_list>	<Group_inx>	0x15	</Group_inx>	<Group_id>	T	</Group_id>	<Group_des>에러상태 표시 그룹</Group_des>	<Index>	15	</Index>	<Description>	이전 3 에러시 출력 전류		</Description>	<Res>	0.01	</Res>	<Unit>	A	</Unit>	</Group_list>
<Group_list>	<Group_inx>	0x15	</Group_inx>	<Group_id>	T	</Group_id>	<Group_des>에러상태 표시 그룹</Group_des>	<Index>	16	</Index>	<Description>	이전 3 에러시 DC Link단 전압		</Description>	<Res>	-	</Res>	<Unit>	V	</Unit>	</Group_list>
<Group_list>	<Group_inx>	0x15	</Group_inx>	<Group_id>	T	</Group_id>	<Group_des>에러상태 표시 그룹</Group_des>	<Index>	17	</Index>	<Description>	에러 카운트		</Description>	<Res>	-	</Res>	<Unit>	-	</Unit>	</Group_list>

<Group_list>	<Group_inx>	0x00	</Group_inx>	<Group_des>입력 접점</Group_des>	<Addr>	0x1206</Addr>	<Bit>0</Bit>	<Description>OLS</Description></Group_list>
<Group_list>	<Group_inx>	0x00	</Group_inx>	<Group_des>입력 접점</Group_des>	<Addr>	0x1206</Addr>	<Bit>1</Bit>	<Description>CLS</Description></Group_list>
<Group_list>	<Group_inx>	0x00	</Group_inx>	<Group_des>입력 접점</Group_des>	<Addr>	0x1206</Addr>	<Bit>2</Bit>	<Description>HCL</Description></Group_list>
<Group_list>	<Group_inx>	0x00	</Group_inx>	<Group_des>입력 접점</Group_des>	<Addr>	0x1206</Addr>	<Bit>3</Bit>	<Description>Nudge</Description></Group_list>
<Group_list>	<Group_inx>	0x00	</Group_inx>	<Group_des>입력 접점</Group_des>	<Addr>	0x1206</Addr>	<Bit>4</Bit>	<Description>Open</Description></Group_list>
<Group_list>	<Group_inx>	0x00	</Group_inx>	<Group_des>입력 접점</Group_des>	<Addr>	0x1206</Addr>	<Bit>5</Bit>	<Description>Close</Description></Group_list>

<Group_list>	<Group_inx>	0x01	</Group_inx>	<Group_des>출력 접점</Group_des>	<Addr>	0x1207</Addr>	<Bit>0</Bit>	<Description>EERR3</Description></Group_list>
<Group_list>	<Group_inx>	0x01	</Group_inx>	<Group_des>출력 접점</Group_des>	<Addr>	0x1207</Addr>	<Bit>1</Bit>	<Description>DERR2</Description></Group_list>
<Group_list>	<Group_inx>	0x01	</Group_inx>	<Group_des>출력 접점</Group_des>	<Addr>	0x1207</Addr>	<Bit>2</Bit>	<Description>DERR1</Description></Group_list>
<Group_list>	<Group_inx>	0x01	</Group_inx>	<Group_des>출력 접점</Group_des>	<Addr>	0x1207</Addr>	<Bit>3</Bit>	<Description>SES-CUT</Description></Group_list>
<Group_list>	<Group_inx>	0x01	</Group_inx>	<Group_des>출력 접점</Group_des>	<Addr>	0x1207</Addr>	<Bit>4</Bit>	<Description>MON</Description></Group_list>
<Group_list>	<Group_inx>	0x01	</Group_inx>	<Group_des>출력 접점</Group_des>	<Addr>	0x1207</Addr>	<Bit>5</Bit>	<Description>OLS</Description></Group_list>
<Group_list>	<Group_inx>	0x01	</Group_inx>	<Group_des>출력 접점</Group_des>	<Addr>	0x1207</Addr>	<Bit>6</Bit>	<Description>CLS</Description></Group_list>

<Group_list>	<Group_inx>	0x02	</Group_inx>	<Group_des>일반 정보</Group_des>	<Addr>	0x1203</Addr>		<Description>출력주파수</Description><Res>0.01</Res></Group_list>
<Group_list>	<Group_inx>	0x03	</Group_inx>	<Group_des>일반 정보</Group_des>	<Addr>	0x1208</Addr>		<Description>도어운전상태</Description><Res>1</Res></Group_list>
<Group_list>	<Group_inx>	0x04	</Group_inx>	<Group_des>일반 정보</Group_des>	<Addr>	0x1209</Addr>		<Description>도어위치</Description><Res>1</Res></Group_list>
</Group>																					
